{
    "authorization": {
        "allowedRoles": []
    },
    "customSections": {
        "bottom": "bottomSection.html",
        "top": "topSection.html"
    },
    "events": {
        "hideEventHandler": "onHide",
        "initEventHandler": "onInit",
        "showEventHandler": "onShow"
    },
    "name": "landing-page",
    "platform": "web",
    "readonly": false,
    "schemaVersion": "1.0",
    "type": "view",
    "uniqueID": "badaa537-b8a7-4dbf-a296-b6dbab08dcbd",
    "viewType": "landing-page"
}