{
    "authorization": {
        "allowedRoles": []
    },
    "customSections": {
        "bottom": "bottomSection.html",
        "middle": "middleSection.html",
        "top": "topSection.html"
    },
    "events": {
        "hideEventHandler": "onHide",
        "initEventHandler": "onInit",
        "login": "onLogin",
        "showEventHandler": "onShow"
    },
    "logo": "icon-144x144.png",
    "name": "login",
    "passwordLabel": "Password",
    "platform": "web",
    "readonly": false,
    "schemaVersion": "1.0",
    "title": "ACME Claims",
    "type": "view",
    "uniqueID": "c71b4741-a09a-4064-8827-beb04fe6a94d",
    "usernameLabel": "Username",
    "viewType": "login"
}