{
    "authorization": {
        "allowedRoles": []
    },
    "events": {
        "hideEventHandler": "onHide",
        "initEventHandler": "onInit",
        "showEventHandler": "onShow"
    },
    "forgotPasswordLabel": "Forgot your password?",
    "loginLabel": "Log in",
    "micButtonLabel": "External Login",
    "name": "login",
    "passwordLabel": "Password",
    "platform": "mobile",
    "registerLabel": "Register",
    "schemaVersion": "1.0",
    "title": "<Title>",
    "type": "view",
    "uniqueID": "50b2fb54-ed16-443c-8587-1480b616c163",
    "usernameLabel": "Username",
    "viewType": "mobile-login"
}