{
    "authorization": {
        "allowedRoles": []
    },
    "children": [],
    "description": "The Application Module contains the App Layout, Landing Page, Login, and Unauthorized Page system views",
    "moduleType": "system",
    "name": "Application",
    "order": 0,
    "schemaVersion": "1.0",
    "thumbnail": {
        "background": "#b2b2b2",
        "color": "#ffffff",
        "icon": "fa-cubes"
    },
    "type": "module",
    "uniqueID": "5d769bb8-1272-408b-8130-c3e8fac16f44"
}