{
    "authorization": {
        "allowedRoles": []
    },
    "classList": "",
    "columns": [
        {
            "componentOptions": {
                "annotations": {
                    "id": "componentIdentifier"
                },
                "debounce": 0,
                "defaultValue": "",
                "events": {
                    "onChange": ""
                },
                "id": "ctl4",
                "model": "",
                "name": "image",
                "placeholder": "",
                "schemaVersion": "1.0",
                "title": "Image",
                "type": "text-box",
                "uniqueID": "ca12ad4c-f9d2-42e6-a6dd-3dea13969247",
                "validation": {
                    "required": false
                }
            },
            "editable": true,
            "encoded": true,
            "field": "image",
            "filterable": true,
            "format": "",
            "sortable": true,
            "template": "<ng-template kendoGridCellTemplate let-dataItem>\n    <a target=\"_blank\" [href]=\"dataItem.image\">\n        <img class=\"car-image\" [src]=\"dataItem.image\" style=\"height: 85px;\">\n    </a>\n</ng-template>",
            "title": "Image"
        },
        {
            "componentOptions": {
                "annotations": {
                    "id": "componentIdentifier"
                },
                "debounce": 0,
                "defaultValue": "",
                "events": {
                    "onChange": ""
                },
                "id": "ctl1",
                "model": "",
                "name": "name",
                "placeholder": "",
                "schemaVersion": "1.0",
                "title": "Name",
                "type": "text-box",
                "uniqueID": "c8e9e6b8-ba79-4dcc-a4a0-cc55a46d7027",
                "validation": {
                    "required": false
                }
            },
            "editable": true,
            "encoded": true,
            "field": "name",
            "filterable": true,
            "format": "",
            "sortable": true,
            "title": "Name"
        },
        {
            "componentOptions": {
                "annotations": {
                    "id": "componentIdentifier"
                },
                "events": {
                    "onChange": ""
                },
                "id": "ctl2",
                "maxDate": "2099-12-30T22:00:00.000Z",
                "minDate": "1899-12-31T22:00:00.000Z",
                "model": "",
                "name": "date",
                "schemaVersion": "1.0",
                "title": "Date",
                "type": "date-picker",
                "uniqueID": "325b2b75-4d3d-4cdd-9f93-5369c5c17ba9",
                "validation": {
                    "required": false
                }
            },
            "editable": true,
            "encoded": true,
            "field": "date",
            "filterable": true,
            "format": "",
            "sortable": true,
            "template": "<ng-template kendoGridCellTemplate let-dataItem>\n    <span>{{ (dataItem.date.getMonth() + 1) + ' / ' + dataItem.date.getDate() + ' / ' + dataItem.date.getFullYear() }}</span>\n</ng-template>",
            "title": "Date"
        },
        {
            "componentOptions": {
                "annotations": {
                    "id": "componentIdentifier"
                },
                "debounce": 0,
                "defaultValue": "",
                "events": {
                    "onChange": ""
                },
                "id": "ctl3",
                "model": "",
                "name": "vehicle",
                "placeholder": "",
                "schemaVersion": "1.0",
                "title": "Vehicle",
                "type": "text-box",
                "uniqueID": "248ccb0a-c808-4119-8ead-7aaba1256d13",
                "validation": {
                    "required": false
                }
            },
            "editable": true,
            "encoded": true,
            "field": "vehicle",
            "filterable": true,
            "format": "",
            "sortable": true,
            "title": "Vehicle"
        },
        {
            "componentOptions": {
                "annotations": {
                    "id": "componentIdentifier"
                },
                "debounce": 0,
                "defaultValue": "",
                "events": {
                    "onChange": ""
                },
                "id": "ctl7",
                "model": "",
                "name": "type",
                "placeholder": "",
                "schemaVersion": "1.0",
                "title": "Type",
                "type": "text-box",
                "uniqueID": "1ef54577-71f9-4491-bb17-19df55ad7823",
                "validation": {
                    "required": false
                }
            },
            "editable": true,
            "encoded": true,
            "field": "type",
            "filterable": true,
            "format": "",
            "sortable": true,
            "title": "Type"
        },
        {
            "componentOptions": {
                "annotations": {
                    "id": "componentIdentifier"
                },
                "debounce": 0,
                "defaultValue": "",
                "events": {
                    "onChange": ""
                },
                "id": "ctl8",
                "model": "",
                "name": "status",
                "placeholder": "",
                "schemaVersion": "1.0",
                "title": "Approved",
                "type": "text-box",
                "uniqueID": "5856230a-2b03-43f4-9ae0-b70139389d52",
                "validation": {
                    "required": false
                }
            },
            "editable": true,
            "encoded": true,
            "field": "status",
            "filterable": true,
            "format": "",
            "sortable": true,
            "template": "<ng-template kendoGridCellTemplate let-dataItem>\n    <input type=\"checkbox\" [checked]=\"dataItem.status === 'true'\">\n</ng-template>",
            "title": "Approved"
        }
    ],
    "customSections": {
        "bottom": "bottomSection.html",
        "middle": "middleSection.html",
        "top": "topSection.html"
    },
    "dataProvider": "DefaultDataProvider",
    "dataSource": "Claims",
    "editOptions": {
        "allowDelete": true,
        "allowEdit": true,
        "allowInsert": false,
        "batch": true,
        "rowButtons": {
            "canceledit": {
                "content": "Cancel"
            },
            "destroy": {
                "content": "Delete",
                "icon": "k-icon k-i-close"
            },
            "edit": {
                "content": "Edit",
                "icon": "k-icon k-i-edit"
            },
            "update": {
                "content": "Update"
            }
        },
        "toolbarButtons": {
            "cancel": {
                "content": "Cancel changes",
                "icon": "k-icon k-i-cancel"
            },
            "create": {
                "content": "New",
                "icon": "k-icon k-i-add"
            },
            "save": {
                "content": "Save changes",
                "icon": "k-icon k-i-checkmark"
            }
        }
    },
    "editable": "Inline",
    "events": {
        "hideEventHandler": "onHide",
        "initEventHandler": "onInit",
        "onRowCreate": "",
        "onRowDelete": "",
        "onRowSelect": "onRowSelect",
        "onRowUpdate": "",
        "showEventHandler": "onShow"
    },
    "filterable": false,
    "groupable": false,
    "hidden": false,
    "name": "Approval",
    "pageSize": 10,
    "platform": "web",
    "reorderable": false,
    "resizable": false,
    "schemaVersion": "1.0",
    "sortable": true,
    "title": "Approve and Deny Claims",
    "type": "view",
    "uniqueID": "5fa5bcc2-5ae5-4385-ae18-4c435e127cad",
    "viewType": "data-grid"
}