{
    "authorization": {
        "allowedRoles": []
    },
    "events": {
        "hideEventHandler": "onHide",
        "initEventHandler": "onInit",
        "showEventHandler": "onShow"
    },
    "name": "Chat",
    "nativeChatConfig": "{\n  \"botId\":  \"5c12b8dccd56814ee0ef2ec9\",\n  \"channelId\": \"9e11dd6b-6fb8-4bff-97f4-55acad3f4cca\",\n  \"channelToken\": \"5dcabce2-7728-46ab-968a-7d679c64205a\"\n}",
    "platform": "mobile",
    "schemaVersion": "1.0",
    "type": "view",
    "uniqueID": "5c8dbaf0-72bc-42a9-bb6f-b265ce88e62d",
    "viewType": "mobile-chat-view"
}